first_name,,,last_name,,,Status
mario,,,,silva,,,,Analise
carlos,,,,silva,,,,Analise
mariana,,,,silva,,,,Analise
augusto,,,,silva,,,,Analise
joão,,,,silva,,,,Analise
ricardo,,,,silva,,,,Analise
maria,,,,silva,,,,Analise
pedro,,,,silva,,,,Analise
julia,,,,silva,,,,Analise
yasmin,,,,silva,,,,Analise
fernanda,,,,silva,,,,Analise
patricia,,,,silva,,,,Analise
almeida,,,,silva,,,,Analise
melo,,,,silva,,,,Analise
josé,,,,silva,,,,Analise
cristiano,,,,silva,,,,Analise
messi,,,,silva,,,,Analise
neymar,,,,silva,,,,Analise
ciro,,,,silva,,,,Analise